Year,Herd Index (2014=100)
2014,100.0
2015,99.19
2016,98.38
2017,97.57000000000001
2018,96.76
2019,95.95
2020,95.14
2021,94.33
2022,93.52000000000001
2023,92.71000000000001
2024,91.9
