Year,Production Index,Losses (Millions)
2015,100.0,5
2016,101.49999999999999,8
2017,103.02249999999998,10
2018,104.56783749999997,12
2019,106.13635506249996,15
2020,107.72840038843745,25
2021,109.34432639426399,35
2022,110.98449129017796,40
2023,112.64925865953062,45
2024,114.33899753942356,50
